"","Final_country","Observed_indoor_richness","Observed_naturalized_richness","Projected_naturalized_richness_indoor_current","Projected_naturalized_richness_indoor_2C","Projected_naturalized_richness_indoor_4C","Projected_naturalized_richness_difference_2C","Projected_naturalized_richness_difference_4C","Projected_naturalized_richness_difference_warm_scen","Observed_harmful_indoor_richness","Observed_harmful_naturalized_richness","Projected_harmful_naturalized_richness_indoor_current","Projected_harmful_naturalized_richness_indoor_2C","Projected_harmful_naturalized_richness_indoor_4C","Projected_harmful_naturalized_richness_difference_2C","Projected_harmful_naturalized_richness_difference_4C","Projected_harmful_naturalized_richness_warm_scen","Observed_env_impact_indoor","Observed_env_impact_naturalized","Cumulative_env_SWIS_indoor_current","Cumulative_env_SWIS_indoor_2C","Cumulative_env_SWIS_indoor_4C","Projected_env_SWIS_difference_2C","Projected_env_SWIS_difference_4C","Projected_env_SWIS_difference_warm_scen","Observed_soc_impact_indoor","Observed_soc_impact_naturalized","Cumulative_soc_SWIS_indoor_current","Cumulative_soc_SWIS_indoor_2C","Cumulative_soc_SWIS_indoor_4C","Projected_soc_SWIS_difference_2C","Projected_soc_SWIS_difference_4C","Projected_soc_SWIS_difference_warm_scen","threat","IAS_list","Existing_mgmt","research","outreach"
"1","Afghanistan",0,2,0,0,0,0,0,0,0,2,0,0,0,0,0,0,0,6,0,0,0,0,0,0,0,5,0,0,0,0,0,0,0,0,0,0,0
"2","Albania",1,0,0.0154676389185317,0.0222709616724487,0.0338509507563979,0.00680332275391695,0.0183833118378662,0.0115799890839492,0,0,0,0,0,0,0,0,0,0,0,0,0,0,0,0,0,0,0,0,0,0,0,0,0,0,0,1,0
"3","Algeria",0,13,0,0,0,0,0,0,0,5,0,0,0,0,0,0,0,29,0,0,0,0,0,0,0,14,0,0,0,0,0,0,0,1,0,0,0
"4","Andorra",0,2,0,0,0,0,0,0,0,2,0,0,0,0,0,0,0,4,0,0,0,0,0,0,0,4,0,0,0,0,0,0,NA,NA,NA,NA,NA
"5","Angola",0,1,0,0,0,0,0,0,0,1,0,0,0,0,0,0,0,5,0,0,0,0,0,0,0,0,0,0,0,0,0,0,0,0.5,0,0,0
"6","Argentina",0,9,0,0,0,0.0320008589879476,0.0704266004630574,0.0384257414751098,0,5,0,0,0,0,0,0,0,32,0,0,0,0,0,0,0,15,0,0,0,0,0,0,1,1,0.5,1,0
"7","Armenia",1,1,0.00809223481715654,0.0112693189238477,0.0194984313647653,0.00317708410669114,0.0114061965476087,0.00822911244091761,0,1,0,0,0,0,0,0,0,0,0,0,0,0,0,0,0,4,0,0,0,0,0,0,1,1,0,0,0
"8","Australia",0,45,0,0,0,0,0,0,0,18,0,0,0,0,0,0,0,119,0,0,0,0,0,0,0,77,0,0,0,0,0,0,1,1,1,1,1
"9","Austria",11,0,2.20238490039603,2.72379853402847,3.82185160339281,0.521413633632432,1.61946670299677,1.09805306936434,5,0,1.2519855272148,1.51642514748205,2.04185609021347,0.264439620267246,0.264439620267246,0,32,0,6.18004178641861,7.66626568064427,10.9167745410407,1.48622389422566,4.73673275462211,3.25050886039645,15,0,3.90565268485733,4.78055706248196,6.50816204788745,0.874904377624633,2.60250936303012,1.72760498540549,1,1,1,1,1
"10","Azerbaijan",0,1,0,0,0,0,0,0,0,0,0,0,0,0,0,0,0,0,0,0,0,0,0,0,0,0,0,0,0,0,0,0,1,0,0,0,0
"11","Bahamas",0,32,0,0,0,0,0,0,0,10,0,0,0,0,0,0,0,69,0,0,0,0,0,0,0,43,0,0,0,0,0,0,1,1,0.5,1,1
"12","Bahrain",0,2,0,0,0,0,0,0,0,2,0,0,0,0,0,0,0,5,0,0,0,0,0,0,0,9,0,0,0,0,0,0,1,0,0.5,1,0
"13","Bangladesh",0,5,0,0,0,0,0,0,0,3,0,0,0,0,0,0,0,18,0,0,0,0,0,0,0,9,0,0,0,0,0,0,1,0.5,0,0,0
"14","Belarus",1,0,0.00176955842392261,0.00224022171066971,0.0058099526771126,0.000470663286747096,0.00404039425318999,0.00356973096644289,0,0,0,0,0,0,0,0,0,0,0,0,0,0,0,0,0,0,0,0,0,0,0,0,1,0.5,0,1,0
"15","Belgium",11,4,3.47453608400838,3.8405832334598,4.76248575663655,0.366047149451418,1.28794967262817,0.92190252317675,5,2,1.9829148579492,2.17098762272829,2.62130878516484,0.188072764779085,0.188072764779085,0,33,4,13.37388069981,14.667798813565,17.7581029041273,1.29391811375491,4.38422220431725,3.09030409056234,13,4,4.41447818323533,4.91565207256232,6.16726117201273,0.501173889326987,1.75278298877739,1.25160909945041,1,1,0,1,1
"16","Belize",0,9,0,0,0,0,0,0,0,5,0,0,0,0,0,0,0,33,0,0,0,0,0,0,0,13,0,0,0,0,0,0,1,0.5,0.5,0,1
"17","Benin",0,1,0,0,0,0,0,0,0,1,0,0,0,0,0,0,0,5,0,0,0,0,0,0,0,2,0,0,0,0,0,0,1,0.5,0.5,0,0
"18","Bermuda",0,22,0,0,0,0,0,0,0,9,0,0,0,0,0,0,0,63,0,0,0,0,0,0,0,33,0,0,0,0,0,0,NA,NA,NA,NA,NA
"19","Bhutan",0,2,0,0,0,0,0,0,0,1,0,0,0,0,0,0,0,4,0,0,0,0,0,0,0,0,0,0,0,0,0,0,0,0,0.5,0,0
"20","Bolivia",0,6,0,0,0,0,0,0,0,4,0,0,0,0,0,0,0,19,0,0,0,0,0,0,0,5,0,0,0,0,0,0,NA,NA,NA,NA,NA
"21","Bosnia and Herz.",0,1,0,0,0,0,0,0,0,1,0,0,0,0,0,0,0,14,0,0,0,0,0,0,0,6,0,0,0,0,0,0,NA,NA,NA,NA,NA
"22","Br. Indian Ocean Ter.",0,9,0,0,0,0,0,0,0,4,0,0,0,0,0,0,0,23,0,0,0,0,0,0,0,8,0,0,0,0,0,0,NA,NA,NA,NA,NA
"23","Brazil",0,22,0,0,0,0.215781961658589,0.414422288178611,0.198640326520022,0,11,0,0,0,0.215781961658589,0.215781961658589,0,0,86,0,0,0,1.99518667432761,3.8476061542031,1.85241947987549,0,47,0,0,0,0.949945192466352,1.81431486792842,0.864369675462071,1,1,1,0,0
"24","Bulgaria",1,3,0.0129644883438108,0.0179091813677479,0.0287375365877577,0.00494469302393703,0.0157730482439469,0.0108283552200099,0,3,0,0,0,0,0,0,0,18,0,0,0,0,0,0,0,10,0,0,0,0,0,0,1,1,0,1,1
"25","Burkina Faso",0,1,0,0,0,0,0,0,0,1,0,0,0,0,0,0,0,1,0,0,0,0,0,0,0,3,0,0,0,0,0,0,1,0.5,0,0,0
"26","Cabo Verde",0,12,0,0,0,0,0,0,0,6,0,0,0,0,0,0,0,29,0,0,0,0,0,0,0,13,0,0,0,0,0,0,NA,NA,NA,NA,NA
"27","Cambodia",0,5,0,0,0,0,0,0,0,4,0,0,0,0,0,0,0,29,0,0,0,0,0,0,0,23,0,0,0,0,0,0,1,0.5,0.5,0,0
"28","Cameroon",0,9,0,0,0,0,0,0,0,9,0,0,0,0,0,0,0,65,0,0,0,0,0,0,0,38,0,0,0,0,0,0,1,0.5,0,1,0
"29","Canada",15,7,1.17183111173838,1.2502089963471,1.49947043910553,0.0783778846087186,0.327639327367148,0.249261442758429,10,2,0.0724272210152024,0.104177739121742,0.257581386365534,0.0317505181065393,0.0317505181065393,0,54,12,0.290702918948291,0.425038212455881,1.07737790510323,0.13433529350759,0.786674986154935,0.652339692647345,36,4,0.336854339534917,0.434039353944865,0.999919023539199,0.0971850144099477,0.663064684004282,0.565879669594334,1,1,1,1,1
"30","Cayman Is.",0,7,0,0,0,0,0,0,0,4,0,0,0,0,0,0,0,29,0,0,0,0,0,0,0,23,0,0,0,0,0,0,NA,NA,NA,NA,NA
"31","Central African Rep.",0,3,0,0,0,0,0,0,0,3,0,0,0,0,0,0,0,18,0,0,0,0,0,0,0,18,0,0,0,0,0,0,NA,NA,NA,NA,NA
"32","Chad",0,1,0,0,0,0,0,0,0,1,0,0,0,0,0,0,0,1,0,0,0,0,0,0,0,3,0,0,0,0,0,0,0,0,0,0,0
"33","Chile",1,17,0.0660864973890368,0.0832177237973846,0.108266188257377,0.0171312264083478,0.0421796908683402,0.0250484644599924,0,9,0,0,0,0,0,0,0,44,0,0,0,0,0,0,0,17,0,0,0,0,0,0,1,1,1,1,1
"34","China",0,28,0,0,0,0.0136144937166965,0.0514830367961238,0.0378685430794274,0,10,0,0,0,0,0,0,0,72,0,0,0,0,0,0,0,52,0,0,0,0,0,0,1,1,1,0,1
"35","Clipperton I.",0,2,0,0,0,0,0,0,0,1,0,0,0,0,0,0,0,5,0,0,0,0,0,0,0,0,0,0,0,0,0,0,NA,NA,NA,NA,NA
"36","Colombia",0,22,0,0,0,0,0,0,0,11,0,0,0,0,0,0,0,64,0,0,0,0,0,0,0,30,0,0,0,0,0,0,1,1,0.5,1,0
"37","Comoros",0,35,0,0,0,0,0,0,0,11,0,0,0,0,0,0,0,58,0,0,0,0,0,0,0,29,0,0,0,0,0,0,0,1,0,0,0
"38","Cook Is.",0,26,0,0,0,0,0,0,0,13,0,0,0,0,0,0,0,87,0,0,0,0,0,0,0,44,0,0,0,0,0,0,NA,NA,NA,NA,NA
"39","Costa Rica",0,26,0,0,0,0,0,0,0,11,0,0,0,0,0,0,0,79,0,0,0,0,0,0,0,46,0,0,0,0,0,0,1,0.5,0.5,0,0
"40","Cote d'Ivoire",0,8,0,0,0,0,0,0,0,6,0,0,0,0,0,0,0,34,0,0,0,0,0,0,0,17,0,0,0,0,0,0,1,0.5,0.5,0,0
"41","Croatia",2,1,0.445607608754303,0.509725859971324,0.626354822555494,0.0641182512170211,0.180747213801191,0.11662896258417,0,1,0,0,0,0,0,0,0,4,0,0,0,0,0,0,0,0,0,0,0,0,0,0,1,1,0.5,1,1
"42","Cuba",0,37,0,0,0,0,0,0,0,12,0,0,0,0,0,0,0,67,0,0,0,0,0,0,0,34,0,0,0,0,0,0,1,1,1,1,1
"43","Czechia",4,0,0.738888102712988,0.9044628386896,1.23133886308729,0.165574735976612,0.492450760374299,0.326876024397688,3,0,0.734959881937249,0.898829774166521,1.22040485412277,0.163869892229272,0.163869892229272,0,10,0,1.09265168987057,1.43338203090635,2.27956861949854,0.340730341035784,1.18691692962797,0.84618658859219,11,0,2.91407585821751,3.56959109817425,4.8549907161929,0.655515239956742,1.94091485797538,1.28539961801864,1,1,0.5,1,1
"44","Dem. Rep. Korea",2,1,0.161312970434374,0.206883999780067,0.334860265861329,0.0455710293456928,0.173547295426955,0.127976266081262,1,0,0.159866279769253,0.20483629334255,0.33054540883611,0.0449700135732972,0.0449700135732972,0,14,0,2.23812791676954,2.8677081067957,4.62763572370554,0.629580190026162,2.389507806936,1.75992761690984,6,0,0.959197678615516,1.2290177600553,1.98327245301666,0.269820081439783,1.02407477440114,0.754254692961358,NA,NA,NA,NA,NA
"45","Democratic Republic of the Congo",0,7,0,0,0,0,0,0,0,5,0,0,0,0,0,0,0,24,0,0,0,0,0,0,0,17,0,0,0,0,0,0,1,0,0,0,0
"46","Denmark",14,2,5.98752837601159,6.44709564036221,8.00798984174291,0.459567264350624,2.02046146573132,1.5608942013807,1,1,0.339301752078309,0.376192886683943,0.504914202395711,0.0368911346056341,0.0368911346056341,0,9,0,3.05371576870478,3.38573598015548,4.5442278215614,0.332020211450707,1.49051205285662,1.15849184140592,3,4,1.01790525623493,1.12857866005183,1.51474260718713,0.110673403816902,0.496837350952207,0.386163947135305,1,0.5,0.5,1,1
"47","Ecuador",0,41,0,0,0,0,0,0,0,16,0,0,0,0,0,0,0,89,0,0,0,0,0,0,0,53,0,0,0,0,0,0,1,1,1,0,0
"48","Egypt",0,16,0,0,0,0,0,0,0,5,0,0,0,0,0,0,0,15,0,0,0,0,0,0,0,12,0,0,0,0,0,0,1,1,0.5,0,0
"49","El Salvador",0,8,0,0,0,0,0,0,0,5,0,0,0,0,0,0,0,33,0,0,0,0,0,0,0,23,0,0,0,0,0,0,1,1,0.5,1,1
"50","Eq. Guinea",0,6,0,0,0,0,0,0,0,5,0,0,0,0,0,0,0,25,0,0,0,0,0,0,0,19,0,0,0,0,0,0,NA,NA,NA,NA,NA
"51","Eritrea",0,4,0,0,0,0,0,0,0,3,0,0,0,0,0,0,0,10,0,0,0,0,0,0,0,8,0,0,0,0,0,0,1,0.5,0.5,1,0
"52","Estonia",4,0,0.438148909972686,0.621930218936197,1.28130469264067,0.183781308963512,0.843155782667985,0.659374473704474,2,0,0.238192498254595,0.337477897466478,0.713709802953324,0.0992853992118829,0.0992853992118829,0,10,0,1.19096249127297,1.68738948733239,3.56854901476662,0.496426996059414,2.37758652349365,1.88115952743423,5,0,0.332964783985764,0.479835702048646,1.13028346003409,0.146870918062883,0.797318676048329,0.650447757985446,1,1,0.5,0,1
"53","Ethiopia",0,4,0,0,0,0,0,0,0,3,0,0,0,0,0,0,0,10,0,0,0,0,0,0,0,8,0,0,0,0,0,0,1,0.5,0.5,0,0
"54","Fiji",0,33,0,0,0,0,0,0,0,12,0,0,0,0,0,0,0,70,0,0,0,0,0,0,0,38,0,0,0,0,0,0,1,0.5,0.5,1,0
"55","Finland",5,1,0.574972129527621,0.852054757102401,1.62392476806426,0.277082627574781,1.04895263853664,0.771870010961863,2,1,0.331502128847525,0.477134789023497,0.83902107310961,0.145632660175972,0.145632660175972,0,19,0,4.10635885646169,5.86086893958022,9.94571966148738,1.75451008311853,5.83936080502569,4.08485072190715,11,4,2.56766397831377,3.65719901818468,6.15074215417203,1.08953503987091,3.58307817585826,2.49354313598735,1,1,0,1,1
"56","Fr. Polynesia",0,44,0,0,0,0,0,0,0,16,0,0,0,0,0,0,0,110,0,0,0,0,0,0,0,67,0,0,0,0,0,0,NA,NA,NA,NA,NA
"57","Fr. S. and Antarctic Lands",0,6,0,0,0,0,0,0,0,1,0,0,0,0,0,0,0,14,0,0,0,0,0,0,0,6,0,0,0,0,0,0,NA,NA,NA,NA,NA
"58","France",12,61,3.46208860516709,3.81742534302111,4.5803556186546,0.916969772894254,2.75683083769952,1.83986106480527,0,18,0,0,0,0.345980932351699,0.345980932351699,0,0,166,0,0,0,1.76468477677405,5.60285431887699,3.83816954210295,0,87,0,0,0,0.955409318896854,2.68883482331332,1.73342550441647,1,0.5,0.5,1,1
"59","Gabon",0,5,0,0,0,0,0,0,0,5,0,0,0,0,0,0,0,32,0,0,0,0,0,0,0,24,0,0,0,0,0,0,NA,NA,NA,NA,NA
"60","Gambia",0,8,0,0,0,0,0,0,0,5,0,0,0,0,0,0,0,28,0,0,0,0,0,0,0,20,0,0,0,0,0,0,0,0,0,0,0
"61","Georgia",2,4,0.202007959359133,0.257525113439209,0.35252255702049,0.0555171540800752,0.150514597661356,0.0949974435812811,0,2,0,0,0,0,0,0,0,13,0,0,0,0,0,0,0,6,0,0,0,0,0,0,1,1,0.5,1,0
"62","Germany",19,9,4.39145043755511,5.0076445360777,6.56159584549513,0.616194098522592,2.17014540794002,1.55395130941743,5,4,1.25386410077413,1.47586884718489,1.99942424841836,0.222004746410764,0.222004746410764,0,28,15,5.41020735862983,6.46015888004209,9.13732488909752,1.04995152141226,3.72711753046769,2.67716600905544,12,8,3.0425204941652,3.5972928052716,4.88915774903469,0.554772311106406,1.84663725486949,1.29186494376309,1,1,0.5,1,1
"63","Ghana",0,5,0,0,0,0,0,0,0,3,0,0,0,0,0,0,0,15,0,0,0,0,0,0,0,7,0,0,0,0,0,0,1,0,0,1,0
"64","Greece",0,18,0,0,0,0.0994311260680979,0.197015647195769,0.0975845211276712,0,6,0,0,0,0.09479886556259,0.09479886556259,0,0,45,0,0,0,0.85318979006331,1.67366673345741,0.820476943394103,0,33,0,0,0,0.85318979006331,1.67366673345741,0.820476943394103,NA,NA,NA,NA,NA
"65","Guam",0,42,0,0,0,0,0,0,0,15,0,0,0,0,0,0,0,89,0,0,0,0,0,0,0,55,0,0,0,0,0,0,NA,NA,NA,NA,NA
"66","Guatemala",0,8,0,0,0,0,0,0,0,5,0,0,0,0,0,0,0,34,0,0,0,0,0,0,0,13,0,0,0,0,0,0,1,1,0.5,1,0
"67","Guinea",0,5,0,0,0,0,0,0,0,5,0,0,0,0,0,0,0,24,0,0,0,0,0,0,0,19,0,0,0,0,0,0,1,0,0,1,0
"68","Guyana",0,9,0,0,0,0,0,0,0,7,0,0,0,0,0,0,0,44,0,0,0,0,0,0,0,17,0,0,0,0,0,0,1,0,0.5,1,1
"69","Honduras",0,14,0,0,0,0,0,0,0,7,0,0,0,0,0,0,0,39,0,0,0,0,0,0,0,16,0,0,0,0,0,0,1,0.5,0,0,0
"70","Hong Kong",0,18,0,0,0,0,0,0,0,6,0,0,0,0,0,0,0,48,0,0,0,0,0,0,0,39,0,0,0,0,0,0,NA,NA,NA,NA,NA
"71","Hungary",9,2,0.907748689806294,1.11452588737991,1.67674500746862,0.20677719757362,0.768996317662327,0.562219120088707,3,1,0.489462423912106,0.595533152739391,0.866158919666785,0.106070728827286,0.106070728827286,0,9,4,0.955973589392754,1.13298024693485,1.60122712529642,0.177006657542095,0.645253535903665,0.46824687836157,6,0,1.1089801584487,1.38084850928503,2.06775000883469,0.271868350836331,0.958769850385996,0.686901499549665,1,1,0.5,1,1
"72","Iceland",0,1,0,0,0,0,0,0,0,1,0,0,0,0,0,0,0,10,0,0,0,0,0,0,0,4,0,0,0,0,0,0,NA,NA,NA,NA,NA
"73","India",0,27,0,0,0,0,0,0,0,8,0,0,0,0,0,0,0,52,0,0,0,0,0,0,0,36,0,0,0,0,0,0,1,1,0.5,1,0
"74","Indian Ocean Ter.",0,27,0,0,0,0,0,0,0,12,0,0,0,0,0,0,0,76,0,0,0,0,0,0,0,41,0,0,0,0,0,0,NA,NA,NA,NA,NA
"75","Indonesia",0,30,0,0,0,0,0,0,0,11,0,0,0,0,0,0,0,60,0,0,0,0,0,0,0,32,0,0,0,0,0,0,1,1,0,0,0
"76","Iran",0,19,0,0,0,0,0,0,0,7,0,0,0,0,0,0,0,43,0,0,0,0,0,0,0,24,0,0,0,0,0,0,1,0,0,1,0
"77","Iraq",0,11,0,0,0,0,0,0,0,4,0,0,0,0,0,0,0,25,0,0,0,0,0,0,0,16,0,0,0,0,0,0,1,1,0,1,0
"78","Ireland",10,0,5.3833094816347,5.63081049858828,6.11694627844073,0.247501016953579,0.733636796806029,0.48613577985245,5,0,3.3163375068177,3.43914400403877,3.67305469753475,0.122806497221068,0.122806497221068,0,32,0,18.6989466497535,19.5989276234008,21.3527580395858,0.89998097364728,2.65381138983222,1.75383041618494,13,0,8.4529021287279,8.77783229240146,9.40217632225225,0.324930163673561,0.94927419352435,0.624344029850789,1,1,0.5,1,0
"79","Italy",14,15,2.07557455984569,2.54723039935997,3.36672475400356,0.509779910681136,1.39637107311331,0.886591162432171,4,7,0.426119314448669,0.549999535055434,0.768671894664391,0.161723335064541,0.161723335064541,0,33,58,3.20487791597489,4.17847245226369,5.92811325590389,1.16281010857769,3.24933973470616,2.08652962612847,11,46,0.89699020679199,1.18154599430964,1.70482049210424,0.473771359806527,1.33393468008941,0.860163320282886,1,1,0.5,1,0
"80","Jamaica",0,23,0,0,0,0,0,0,0,10,0,0,0,0,0,0,0,71,0,0,0,0,0,0,0,46,0,0,0,0,0,0,1,1,0.5,0,1
"81","Japan",0,47,0,0,0,0.254927082602586,0.889103298246556,0.63417621564397,0,14,0,0,0,0.170916679190637,0.170916679190637,0,0,105,0,0,0,0.641617509609889,2.18856455613411,1.54694704652422,0,64,0,0,0,0.579847510171699,2.14548207333012,1.56563456315842,1,1,1,0,0
"82","Jersey",2,1,0.62223816846172,0.666050451937847,0.750672150169158,0.043812283476128,0.128433981707439,0.084621698231311,1,0,0.59932573275147,0.6384554052549,0.710826842041656,0.0391296725034297,0.0391296725034297,0,14,0,8.39056025852059,8.9383756735686,9.95157578858318,0.547815415048016,1.5610155300626,1.01320011501458,6,0,3.59595439650882,3.8307324315294,4.26496105224993,0.234778035020578,0.669006655741113,0.434228620720534,NA,NA,NA,NA,NA
"83","Jordan",0,2,0,0,0,0,0,0,0,2,0,0,0,0,0,0,0,1,0,0,0,0,0,0,0,7,0,0,0,0,0,0,1,0,0,0,1
"84","Kazakhstan",1,0,0.000194394460722926,0.000303599430258503,0.00077803409256563,0.000109204969535577,0.000583639631842704,0.000474434662307127,0,0,0,0,0,0,0,0,0,0,0,0,0,0,0,0,0,0,0,0,0,0,0,0,0,1,0.5,1,0
"85","Kenya",0,9,0,0,0,0,0,0,0,5,0,0,0,0,0,0,0,25,0,0,0,0,0,0,0,13,0,0,0,0,0,0,1,1,0.5,0,0
"86","Kiribati",0,17,0,0,0,0,0,0,0,11,0,0,0,0,0,0,0,65,0,0,0,0,0,0,0,38,0,0,0,0,0,0,1,0.5,0.5,1,0
"87","Kuwait",0,6,0,0,0,0,0,0,0,4,0,0,0,0,0,0,0,20,0,0,0,0,0,0,0,15,0,0,0,0,0,0,0,0,0,0,0
"88","Kyrgyzstan",1,1,0.000387071130812156,0.000528152813909881,0.0011558637456096,0.000141081683097724,0.000768792614797446,0.000627710931699722,0,1,0,0,0,0,0,0,0,4,0,0,0,0,0,0,0,0,0,0,0,0,0,0,1,1,0,0,0
"89","Laos",0,7,0,0,0,0,0,0,0,3,0,0,0,0,0,0,0,15,0,0,0,0,0,0,0,17,0,0,0,0,0,0,1,0,0,0,0
"90","Latvia",1,0,0.00213241586972238,0.00294458565539545,0.00788286749272125,0.000812169785673078,0.00575045162299888,0.0049382818373258,0,0,0,0,0,0,0,0,0,0,0,0,0,0,0,0,0,0,0,0,0,0,0,0,1,1,0.5,1,0
"91","Lebanon",0,11,0,0,0,0,0,0,0,5,0,0,0,0,0,0,0,25,0,0,0,0,0,0,0,18,0,0,0,0,0,0,0,0.5,0.5,0,0
"92","Lesotho",0,1,0,0,0,0,0,0,0,1,0,0,0,0,0,0,0,14,0,0,0,0,0,0,0,6,0,0,0,0,0,0,1,1,0,0,0
"93","Liberia",0,1,0,0,0,0,0,0,0,1,0,0,0,0,0,0,0,9,0,0,0,0,0,0,0,9,0,0,0,0,0,0,1,0,0,0,0
"94","Libya",0,8,0,0,0,0,0,0,0,5,0,0,0,0,0,0,0,24,0,0,0,0,0,0,0,13,0,0,0,0,0,0,1,0,0,0,0
"95","Lithuania",1,0,0.00262886712665833,0.00342424353320966,0.00861754949703868,0.00079537640655133,0.00598868237038035,0.00519330596382902,0,0,0,0,0,0,0,0,0,0,0,0,0,0,0,0,0,0,0,0,0,0,0,0,1,1,0,1,0
"96","Luxembourg",2,0,0.722593649304664,0.770829197865254,0.863283063515902,0.0482355485605902,0.140689414211238,0.0924538656506475,1,0,0.714086094846813,0.760236843682924,0.845799259228667,0.0461507488361106,0.0461507488361106,0,0,0,0,0,0,0,0,0,4,0,2.85634437938725,3.0409473747317,3.38319703691467,0.184602995344442,0.526852657527417,0.342249662182974,0,0,0.5,0,0
"97","Macao",0,12,0,0,0,0,0,0,0,5,0,0,0,0,0,0,0,47,0,0,0,0,0,0,0,36,0,0,0,0,0,0,NA,NA,NA,NA,NA
"98","Madagascar",0,46,0,0,0,0,0,0,0,12,0,0,0,0,0,0,0,67,0,0,0,0,0,0,0,32,0,0,0,0,0,0,1,1,0.5,0,0
"99","Malawi",0,1,0,0,0,0,0,0,0,1,0,0,0,0,0,0,0,5,0,0,0,0,0,0,0,5,0,0,0,0,0,0,1,1,0.5,1,1
"100","Malaysia",1,14,0.90244345940982,0.916095435961116,0.939152398390877,0.0136519765512968,0.0367089389810579,0.0230569624297611,1,5,0.90244345940982,0.916095435961116,0.939152398390877,0.0136519765512968,0.0136519765512968,0,14,34,12.6342084317375,12.8253361034556,13.1481335774723,0.191127671718155,0.51392514573481,0.322797474016655,6,23,5.41466075645892,5.4965726157667,5.63491439034526,0.0819118593077808,0.220253633886347,0.138341774578566,1,0,0,0,1
"101","Maldives",0,1,0,0,0,0,0,0,0,1,0,0,0,0,0,0,0,5,0,0,0,0,0,0,0,5,0,0,0,0,0,0,1,0,0,1,0
"102","Mali",0,2,0,0,0,0,0,0,0,1,0,0,0,0,0,0,0,5,0,0,0,0,0,0,0,5,0,0,0,0,0,0,1,0,0,0,0
"103","Malta",0,13,0,0,0,0,0,0,0,5,0,0,0,0,0,0,0,28,0,0,0,0,0,0,0,17,0,0,0,0,0,0,0,1,0.5,1,0
"104","Marshall Is.",0,19,0,0,0,0,0,0,0,11,0,0,0,0,0,0,0,65,0,0,0,0,0,0,0,38,0,0,0,0,0,0,NA,NA,NA,NA,NA
"105","Mexico",1,41,0.0686463040158113,0.0782222080334033,0.104831407697728,0.021793580741858,0.0815145531525415,0.0597209724106835,0,16,0,0,0,0,0,0,0,118,0,0,0,0,0,0,0,74,0,0,0,0,0,0,1,1,0.5,1,1
"106","Micronesia",0,39,0,0,0,0,0,0,0,12,0,0,0,0,0,0,0,74,0,0,0,0,0,0,0,41,0,0,0,0,0,0,1,1,0.5,1,1
"107","Moldova",1,0,0.00329243513221339,0.00430543138031758,0.00844895624191545,0.00101299624810419,0.00515652110970206,0.00414352486159787,0,0,0,0,0,0,0,0,0,0,0,0,0,0,0,0,0,0,0,0,0,0,0,0,1,1,0,0,0
"108","Montenegro",1,2,0.048669166148211,0.0670577736035151,0.104001014105691,0.018388607455304,0.0553318479574804,0.0369432405021764,0,2,0,0,0,0,0,0,0,18,0,0,0,0,0,0,0,6,0,0,0,0,0,0,1,0.5,0,1,0
"109","Morocco",0,21,0,0,0,0,0,0,0,7,0,0,0,0,0,0,0,43,0,0,0,0,0,0,0,24,0,0,0,0,0,0,0,1,0,0,0
"110","Mozambique",0,2,0,0,0,0,0,0,0,2,0,0,0,0,0,0,0,10,0,0,0,0,0,0,0,6,0,0,0,0,0,0,0,0.5,0.5,0,0
"111","Myanmar",0,10,0,0,0,0,0,0,0,4,0,0,0,0,0,0,0,29,0,0,0,0,0,0,0,23,0,0,0,0,0,0,1,1,0,0,0
"112","Namibia",0,1,0,0,0,0,0,0,0,1,0,0,0,0,0,0,0,14,0,0,0,0,0,0,0,6,0,0,0,0,0,0,1,1,0,0,0
"113","Nepal",0,4,0,0,0,0,0,0,0,1,0,0,0,0,0,0,0,1,0,0,0,0,0,0,0,3,0,0,0,0,0,0,1,0.5,0,0,0
"114","Netherlands",14,10,8.53656081187041,8.88077804697635,9.69874595474927,0.344217235105937,1.16218514287886,0.817967907772922,4,4,2.54914115626566,2.67261455802434,2.95057185897903,0.123473401758674,0.123473401758674,0,19,18,12.0537180454824,12.6420293756847,13.9666673864319,0.588311330202298,1.91294934094952,1.32463801074722,2,12,0.584842642799393,0.647770607572732,0.819631269583048,0.0629279647733393,0.234788626783655,0.171860662010316,1,1,0.5,1,0
"115","New Caledonia",0,37,0,0,0,0,0,0,0,14,0,0,0,0,0,0,0,89,0,0,0,0,0,0,0,47,0,0,0,0,0,0,NA,NA,NA,NA,NA
"116","New Zealand",0,43,0,0,0,0,0,0,0,15,0,0,0,0,0,0,0,88,0,0,0,0,0,0,0,55,0,0,0,0,0,0,1,1,1,1,1
"117","Nicaragua",0,12,0,0,0,0,0,0,0,5,0,0,0,0,0,0,0,33,0,0,0,0,0,0,0,13,0,0,0,0,0,0,1,0,0,0,0
"118","Niger",0,2,0,0,0,0,0,0,0,1,0,0,0,0,0,0,0,1,0,0,0,0,0,0,0,3,0,0,0,0,0,0,1,0,0.5,0,0
"119","Nigeria",0,11,0,0,0,0,0,0,0,7,0,0,0,0,0,0,0,34,0,0,0,0,0,0,0,19,0,0,0,0,0,0,1,0,0.5,0,0
"120","Niue",0,22,0,0,0,0,0,0,0,10,0,0,0,0,0,0,0,57,0,0,0,0,0,0,0,29,0,0,0,0,0,0,1,0.5,0.5,1,0
"121","Norfolk Island",0,14,0,0,0,0,0,0,0,7,0,0,0,0,0,0,0,31,0,0,0,0,0,0,0,12,0,0,0,0,0,0,NA,NA,NA,NA,NA
"122","North Macedonia",1,0,0.00716831100693266,0.0104346113755709,0.0162448928020565,0.0032663003686382,0.00907658179512386,0.00581028142648566,0,0,0,0,0,0,0,0,0,0,0,0,0,0,0,0,0,0,0,0,0,0,0,0,0,0,0,0,0
"123","Norway",18,0,2.41962343158116,2.85996793262592,4.3861924766576,0.440344501044756,1.96656904507644,1.52622454403168,4,0,0.581786059058734,0.73587583528851,1.21771636493182,0.154089776229776,0.154089776229776,0,23,0,2.57649124969438,3.2515166328794,5.51925591422864,0.675025383185014,2.94276466453425,2.26773928134924,12,0,1.71927584356649,2.22443495358534,3.83249859630722,0.50515911001885,2.11322275274073,1.60806364272188,1,1,1,1,0
"124","Oman",0,18,0,0,0,0,0,0,0,6,0,0,0,0,0,0,0,25,0,0,0,0,0,0,0,24,0,0,0,0,0,0,1,0,0.5,0,0
"125","Pakistan",0,10,0,0,0,0,0,0,0,7,0,0,0,0,0,0,0,43,0,0,0,0,0,0,0,25,0,0,0,0,0,0,1,0,0,0,0
"126","Palau",0,21,0,0,0,0,0,0,0,9,0,0,0,0,0,0,0,66,0,0,0,0,0,0,0,37,0,0,0,0,0,0,1,0,0,0,0
"127","Panama",0,10,0,0,0,0,0,0,0,6,0,0,0,0,0,0,0,38,0,0,0,0,0,0,0,13,0,0,0,0,0,0,1,1,0.5,0,0
"128","Papua New Guinea",0,38,0,0,0,0,0,0,0,12,0,0,0,0,0,0,0,76,0,0,0,0,0,0,0,41,0,0,0,0,0,0,0,0,0,0,0
"129","Paraguay",0,7,0,0,0,0,0,0,0,5,0,0,0,0,0,0,0,20,0,0,0,0,0,0,0,11,0,0,0,0,0,0,NA,NA,NA,NA,NA
"130","Peru",0,10,0,0,0,0,0,0,0,6,0,0,0,0,0,0,0,47,0,0,0,0,0,0,0,19,0,0,0,0,0,0,1,1,0.5,1,0
"131","Philippines",1,25,0.880802157065812,0.89751426592163,0.924420811286158,0.0167121088558176,0.0436186542203453,0.0269065453645276,1,6,0.880802157065812,0.89751426592163,0.924420811286158,0.0167121088558176,0.0167121088558176,0,14,34,12.3312301989214,12.5651997229028,12.9418913580062,0.233969523981447,0.610661159084834,0.376691635103387,6,27,5.28481294239487,5.38508559552978,5.54652486771695,0.100272653134906,0.261711925322072,0.161439272187166,1,1,0,0,0
"132","Pitcairn Is.",0,10,0,0,0,0,0,0,0,7,0,0,0,0,0,0,0,36,0,0,0,0,0,0,0,10,0,0,0,0,0,0,NA,NA,NA,NA,NA
"133","Poland",6,1,1.08980059822485,1.36310667870857,2.1156586980028,0.273306080483719,1.02585809977795,0.752552019294228,2,1,0.510633848816716,0.631301581388768,0.947661321922602,0.120667732572051,0.120667732572051,0,14,4,2.16740224840805,2.7194603700506,4.40498548889476,0.552058121642548,2.23758324048671,1.68552511884416,10,0,2.35216428789659,2.91370066413373,4.41992892896109,0.561536376237141,2.0677646410645,1.50622826482736,1,1,0.5,1,1
"134","Portugal",0,22,0,0,0,0.00725347054315125,0.0199096121373354,0.0126561415941842,0,8,0,0,0,0,0,0,0,46,0,0,0,0,0,0,0,25,0,0,0,0,0,0,1,1,0.5,1,1
"135","Puerto Rico",0,32,0,0,0,0,0,0,0,11,0,0,0,0,0,0,0,71,0,0,0,0,0,0,0,50,0,0,0,0,0,0,NA,NA,NA,NA,NA
"136","Qatar",0,4,0,0,0,0,0,0,0,2,0,0,0,0,0,0,0,1,0,0,0,0,0,0,0,7,0,0,0,0,0,0,1,0.5,0,0,0
"137","Republic of Korea",2,8,0.25490775245072,0.301232348455583,0.418629506118865,0.0463245960048629,0.163721753668144,0.117397157663281,1,3,0.22475731233617,0.262427186643058,0.355973766609741,0.0376698743068887,0.0376698743068887,0,5,23,1.12378656168085,1.31213593321529,1.77986883304871,0.188349371534443,0.656082271367857,0.467732899833414,2,6,0.449514624672339,0.524854373286117,0.711947533219482,0.0753397486137773,0.262432908547143,0.187093159933366,NA,NA,NA,NA,NA
"138","Republic of the Congo",0,2,0,0,0,0,0,0,0,2,0,0,0,0,0,0,0,18,0,0,0,0,0,0,0,12,0,0,0,0,0,0,1,0.5,0,0,0
"139","Romania",3,1,0.388898463781769,0.470663922623924,0.66955289083188,0.0817654588421557,0.280654427050111,0.198888968207955,2,1,0.386966950590917,0.468110258736739,0.664826893533494,0.0811433081458221,0.0811433081458221,0,5,4,0.243748343755909,0.297140950161777,0.455786406535147,0.0533926064058681,0.212038062779238,0.15864545637337,6,0,1.4503684648613,1.75358465488224,2.47699301151992,0.303216190020941,1.02662454665861,0.723408356637673,1,0.5,0,0,0
"140","Russia",5,4,0.11335868746536,0.151324483710521,0.299788525271668,0.0379657962451619,0.186429837806309,0.148464041561147,3,2,0.0700109007119953,0.0960047788924109,0.198043637119845,0.0259938781804155,0.0259938781804155,0,10,13,0.0162096775210872,0.0244006206099551,0.0576008299516923,0.00819094308886783,0.0413911524306051,0.0332002093417372,11,6,0.277458776107135,0.380465365363529,0.785476944103691,0.103006589256394,0.508018167996556,0.405011578740162,1,1,0,1,0
"141","Saint Helena",0,17,0,0,0,0,0,0,0,7,0,0,0,0,0,0,0,48,0,0,0,0,0,0,0,23,0,0,0,0,0,0,NA,NA,NA,NA,NA
"142","Saudi Arabia",1,33,0.06055016804175,0.0863942171612303,0.135718367866883,0.0258440491194804,0.0751681998251327,0.0493241507056523,0,10,0,0,0,0,0,0,0,48,0,0,0,0,0,0,0,27,0,0,0,0,0,0,1,1,0.5,0,0
"143","Senegal",0,6,0,0,0,0,0,0,0,3,0,0,0,0,0,0,0,19,0,0,0,0,0,0,0,16,0,0,0,0,0,0,1,0.5,0.5,1,0
"144","Seychelles",0,45,0,0,0,0,0,0,0,14,0,0,0,0,0,0,0,81,0,0,0,0,0,0,0,45,0,0,0,0,0,0,1,0,1,0,0
"145","Sierra Leone",0,5,0,0,0,0,0,0,0,4,0,0,0,0,0,0,0,31,0,0,0,0,0,0,0,26,0,0,0,0,0,0,NA,NA,NA,NA,NA
"146","Slovakia",3,0,0.589496846705094,0.724348197693912,0.993913525827364,0.134851350988818,0.40441667912227,0.269565328133451,1,0,0.473654890212114,0.570854711499807,0.739125862328242,0.0971998212876931,0.0971998212876931,0,0,0,0,0,0,0,0,0,4,0,1.89461956084846,2.28341884599923,2.95650344931297,0.388799285150772,1.06188388846451,0.673084603313741,1,1,0,0,0
"147","Slovenia",1,2,0.00694057008783984,0.0094567288125354,0.0166272523327803,0.00251615872469556,0.00968668224494049,0.00717052352024493,0,1,0,0,0,0,0,0,0,4,0,0,0,0,0,0,0,0,0,0,0,0,0,0,1,1,0,1,1
"148","Solomon Is.",0,34,0,0,0,0,0,0,0,15,0,0,0,0,0,0,0,94,0,0,0,0,0,0,0,53,0,0,0,0,0,0,NA,NA,NA,NA,NA
"149","Somalia",0,5,0,0,0,0,0,0,0,5,0,0,0,0,0,0,0,20,0,0,0,0,0,0,0,10,0,0,0,0,0,0,1,0.5,0,0,0
"150","South Africa",0,13,0,0,0,0,0,0,0,7,0,0,0,0,0,0,0,56,0,0,0,0,0,0,0,35,0,0,0,0,0,0,1,1,1,1,1
"151","Spain",1,46,0.94646488101991,0.949981086837492,0.955913368421211,0.0526734441062823,0.136037781394913,0.0833643372886311,0,13,0,0,0,0.0416104664367727,0.0416104664367727,0,0,83,0,0,0,0.208052332183864,0.530867437606667,0.322815105422803,0,49,0,0,0,0.0832209328735455,0.212346975042667,0.129126042169121,1,1,0.5,1,1
"152","Sri Lanka",0,19,0,0,0,0,0,0,0,4,0,0,0,0,0,0,0,32,0,0,0,0,0,0,0,15,0,0,0,0,0,0,1,1,0.5,0,0
"153","Suriname",0,7,0,0,0,0,0,0,0,5,0,0,0,0,0,0,0,35,0,0,0,0,0,0,0,17,0,0,0,0,0,0,0,0.5,0.5,0,0
"154","Sweden",7,0,0.514310377484509,0.702740557190957,1.42782859896677,0.188430179706449,0.913518221482263,0.725088041775815,5,0,0.419825834498538,0.577746211126944,1.18568657403167,0.157920376628406,0.157920376628406,0,29,0,2.02834277668393,2.75873931274258,5.70775791663475,0.730396536058655,3.67941513995083,2.94901860389217,17,0,1.45211158576152,1.99304010810553,4.05967985003258,0.540928522344012,2.60756826427106,2.06663974192705,1,0.5,0.5,1,0
"155","Switzerland",16,3,5.73149957425704,6.71664229148143,8.45521039518536,0.985142717224388,2.72371082092831,1.73856810370393,6,1,2.53156618034098,2.94872620209987,3.62062950918824,0.417160021758899,0.417160021758899,0,34,4,13.0979991939867,15.4949639354079,19.4991949176388,2.39696474142125,6.40119572365218,4.00423098223093,17,0,6.91073263885583,8.04715996900863,9.9346330251317,1.1364273301528,3.02390038627588,1.88747305612307,1,1,0,1,1
"156","Syria",0,8,0,0,0,0,0,0,0,4,0,0,0,0,0,0,0,24,0,0,0,0,0,0,0,14,0,0,0,0,0,0,1,0,0,0,0
"157","Taiwan",1,25,0.0943714191696759,0.107010651313554,0.149807094051766,0.0126392321438784,0.0554356748820904,0.042796442738212,0,9,0,0,0,0,0,0,0,67,0,0,0,0,0,0,0,52,0,0,0,0,0,0,NA,NA,NA,NA,NA
"158","Tanzania",0,14,0,0,0,0,0,0,0,7,0,0,0,0,0,0,0,44,0,0,0,0,0,0,0,22,0,0,0,0,0,0,1,1,0.5,0,0
"159","Thailand",0,10,0,0,0,0,0,0,0,4,0,0,0,0,0,0,0,29,0,0,0,0,0,0,0,18,0,0,0,0,0,0,1,1,0,0,0
"160","Togo",0,2,0,0,0,0,0,0,0,2,0,0,0,0,0,0,0,10,0,0,0,0,0,0,0,2,0,0,0,0,0,0,1,0.5,0,0,0
"161","Tokelau",0,20,0,0,0,0,0,0,0,9,0,0,0,0,0,0,0,64,0,0,0,0,0,0,0,25,0,0,0,0,0,0,NA,NA,NA,NA,NA
"162","Tonga",0,29,0,0,0,0,0,0,0,12,0,0,0,0,0,0,0,78,0,0,0,0,0,0,0,38,0,0,0,0,0,0,1,0.5,0.5,1,0
"163","Trinidad and Tobago",0,24,0,0,0,0,0,0,0,10,0,0,0,0,0,0,0,71,0,0,0,0,0,0,0,46,0,0,0,0,0,0,1,1,0.5,0,0
"164","Tunisia",0,12,0,0,0,0,0,0,0,6,0,0,0,0,0,0,0,42,0,0,0,0,0,0,0,28,0,0,0,0,0,0,0,0.5,0.5,1,0
"165","Turkey",1,21,0.0254297648625539,0.0366366167703066,0.05674642083583,0.0112068519077527,0.0313166559732761,0.0201098040655234,0,11,0,0,0,0,0,0,0,75,0,0,0,0,0,0,0,44,0,0,0,0,0,0,1,0.5,0,0,0
"166","Turkmenistan",1,1,0.0122184808721787,0.0140598491703151,0.0221426556943022,0.00184136829813639,0.00992417482212351,0.00808280652398712,0,1,0,0,0,0,0,0,0,1,0,0,0,0,0,0,0,3,0,0,0,0,0,0,1,1,0.5,1,0
"167","Turks and Caicos Is.",0,7,0,0,0,0,0,0,0,4,0,0,0,0,0,0,0,45,0,0,0,0,0,0,0,37,0,0,0,0,0,0,NA,NA,NA,NA,NA
"168","Tuvalu",0,6,0,0,0,0,0,0,0,6,0,0,0,0,0,0,0,47,0,0,0,0,0,0,0,33,0,0,0,0,0,0,1,0.5,0.5,0,0
"169","U.S. Minor Outlying Is.",0,7,0,0,0,0,0,0,0,6,0,0,0,0,0,0,0,29,0,0,0,0,0,0,0,19,0,0,0,0,0,0,NA,NA,NA,NA,NA
"170","Ukraine",4,3,0.263826474066216,0.328127375275392,0.583325467122992,0.0643009012091756,0.319498993056776,0.2551980918476,2,1,0.237983644371916,0.294107209160673,0.507580071581065,0.0561235647887563,0.0561235647887563,0,5,4,0.155424654046488,0.187497686916578,0.324670684849161,0.0320730328700896,0.169246030802673,0.137172997932583,6,0,0.88976471586907,1.10142976187606,1.9004520123846,0.211665046006989,1.01068729651553,0.799022250508537,1,1,0.5,1,0
"171","United Arab Emirates",0,27,0,0,0,0,0,0,0,12,0,0,0,0,0,0,0,80,0,0,0,0,0,0,0,51,0,0,0,0,0,0,1,1,0.5,1,0
"172","United Kingdom",53,8,38.9397733271895,40.1049577226324,42.6675537355758,1.1651843954429,3.72778040838635,2.56259601294345,9,5,5.80959258687097,6.05119763717389,6.60013658047782,0.241605050302927,0.241605050302927,0,65,27,40.7566330706418,42.5676303340401,46.7271376180824,1.81099726339832,5.97050454744057,4.15950728404225,38,10,23.375853379388,24.4206246007578,26.8471621284304,1.04477122136987,3.47130874904247,2.42653752767259,1,1,1,1,1
"173","United States",4,121,0.0826866322508097,0.0974472608777119,0.164350732810184,0.405519082203064,1.6266953937461,1.22117631154304,0,24,0,0,0,0.325160310993439,0.325160310993439,0,0,222,0,0,0,1.67538619092001,6.56765267962257,4.89226648870256,0,131,0,0,0,1.08415466270171,4.27757698009586,3.19342231739416,1,1,1,1,1
"174","Uruguay",0,1,0,0,0,0,0,0,0,0,0,0,0,0,0,0,0,0,0,0,0,0,0,0,0,0,0,0,0,0,0,0,1,1,0.5,1,0
"175","Uzbekistan",0,1,0,0,0,0,0,0,0,1,0,0,0,0,0,0,0,1,0,0,0,0,0,0,0,3,0,0,0,0,0,0,NA,NA,NA,NA,NA
"176","Vanuatu",0,22,0,0,0,0,0,0,0,9,0,0,0,0,0,0,0,77,0,0,0,0,0,0,0,44,0,0,0,0,0,0,NA,NA,NA,NA,NA
"177","Venezuela",0,19,0,0,0,0,0,0,0,11,0,0,0,0,0,0,0,64,0,0,0,0,0,0,0,30,0,0,0,0,0,0,1,1,0.5,1,0
"178","Vietnam",1,14,0.738588784970899,0.763022689578084,0.81879114742965,0.0244339046071853,0.0802023624587512,0.0557684578515659,1,5,0.738588784970899,0.763022689578084,0.81879114742965,0.0244339046071853,0.0244339046071853,0,14,34,10.3402429895926,10.6823176540932,11.4630760640151,0.342074664500594,1.12283307442252,0.780758409921923,6,23,4.43153270982539,4.5781361374685,4.9127468845779,0.146603427643112,0.481214174752507,0.334610747109396,1,0.5,0,1,0
"179","Wallis and Futuna Is.",0,21,0,0,0,0,0,0,0,11,0,0,0,0,0,0,0,76,0,0,0,0,0,0,0,39,0,0,0,0,0,0,NA,NA,NA,NA,NA
"180","Yemen",0,35,0,0,0,0,0,0,0,11,0,0,0,0,0,0,0,62,0,0,0,0,0,0,0,33,0,0,0,0,0,0,1,0,0.5,0,1
"181","Zimbabwe",0,2,0,0,0,0,0,0,0,1,0,0,0,0,0,0,0,14,0,0,0,0,0,0,0,6,0,0,0,0,0,0,1,1,0.5,0,0
